[
  {
    "Id": "115879",
    "ThreadId": "34886",
    "Html": "Right now all I have worked out how to do (for decoding) is:<br>\r\nSevenZSharp.CompressionEngine.Current.Decoder.DecodeIntoDirectory(&quot;test1.zip&quot;, &quot;test1&quot;);<br>\r\n<br>\r\nIs this all this program can do so far?<br>\r\nCan it list files in a directory?<br>\r\nOr take a Stream (or byte[]) as input instead of a filepath string?<br>\r\n",
    "PostedDate": "2008-09-03T19:33:35.25-07:00",
    "UserRole": null,
    "MarkedAsAnswerDate": null
  },
  {
    "Id": "115901",
    "ThreadId": "34886",
    "Html": "Hi Simon, all this program does is use the LZMA SDK for 7z compress/decompress (single file only since that's all the SDK supports), and then a thin wrapper around 7za.exe, spawning a process for the other operations. I never got to actually making a Managed C++ wrapper since I haven't needed the performance improvement/power yet and the bastardized COM interface are convoluted.<br>\r\nSorry to disappoint.<br>\r\n",
    "PostedDate": "2008-09-03T21:52:54.407-07:00",
    "UserRole": "Owner",
    "MarkedAsAnswerDate": null
  }
]