[
  {
    "Id": "155868",
    "ThreadId": "46650",
    "Html": "What is the default compression level(Ultra,normal,maximum,fast...?) for 7z format if I use the method EncodeFromDirectory?<br>\r\n<span style=\"font-size:13px\">\r\n<p>Can I specify any compression level while I call EncodeFromDirectory method?</p>\r\n</span>\r\n",
    "PostedDate": "2009-02-09T10:04:55.83-08:00",
    "UserRole": null,
    "MarkedAsAnswerDate": null
  },
  {
    "Id": "160535",
    "ThreadId": "46650",
    "Html": "Hi,<br>\r\nCode is here:<br>\r\n<a href=\"http://www.codeplex.com/7zsharp/SourceControl/changeset/view/6443#103016\">http://www.codeplex.com/7zsharp/SourceControl/changeset/view/6443#103016</a><br>\r\n<br>\r\nOnly parameters used are &quot;a&quot;, &quot;-bd&quot;, &quot;-y&quot;, and &quot;-t&quot; so you can't specify compression level yet.<br>\r\n<br>\r\n<br>\r\n\r\n",
    "PostedDate": "2009-02-21T16:39:10.533-08:00",
    "UserRole": "Owner",
    "MarkedAsAnswerDate": null
  }
]