[
  {
    "Id": "59711",
    "ThreadId": "18279",
    "Html": "\r\nFor now, 7zSharp.dll is a thin wrapper around 7z.exe located at C:\\Program Files\\7-zip\\7z.exe. In the future, without changing the API, 7zSharp.dll will directly link to 7z source code to create a fully contained Compression and Decompression engine. For now, we span processes to execute the compression or decompression.<br /><br />To change the location of the executable, do the following:<br /><br /><pre style=\"background-color:#ECECEC; border:dashed .1em #3E62A6; font-family:Consolas, Courier New, Courier, Monospace; font-size:1em; margin-top:0; padding:.5em; height:auto; overflow:auto; overflow-x:auto; overflow-y:auto;\">\r\nICompressionEngine engine = SevenZSharp.CompressionEngineFactory.Default.GetCompressionEngine();\r\nShellEngine shellEngine = engine as ShellEngine;\r\nif (shellEngine != null)\r\n{\r\n    shellEngine.Seven7Location = @\"\\7-zip\\7za.exe\";\r\n}\r\nengine.Encoder.EncodeFromDirectory(@\"C:\\temp\", @\"C:\\temp.zip\");\r\n</pre>",
    "PostedDate": "2007-11-25T07:10:31.733-08:00",
    "UserRole": "Owner",
    "MarkedAsAnswerDate": null
  },
  {
    "Id": "70148",
    "ThreadId": "18279",
    "Html": "\r\nHi!<br />I think that there is really a need for this project as 7z on one hand is undoubtedly the most efficient compression available while on the other hand the 7z SDK has NO USABLE DOCUMENTATION AT ALL and it's not so easy to just \"use it\" in .NET languages. This wrapper is a very good thing and most usable! Thank you!<br /><br />Of course a pure managed DLL would be nice to have - only one file instead of the .NET DLL plus the 7za.exe - but there would be a performance loss as c++ code is - sad but true - a lot faster than the .NET code.<br />Maybe a .NET DLL using the methods from a COM DLL (C<u>+) instead of an .exe would be also great, but I cannot find a dll version of the c+</u> 7z and I am not a c++ programmer, so that I could make one from source :(<br />I also would be willing to contribute, but I don't have the slightest clue about compression algorithms :(<br />Right now  I am facing the choice of a compression library for a small c# project and it's between the SharZipLib an 7z. I really would like to use 7z as it's superior to all others but the usage is - at the moment - simply a pain.<br /><br />Thanks for this nice Wrapper and I hope it will be continued, used and appreciated by the community!<br />",
    "PostedDate": "2008-01-26T13:34:14.6-08:00",
    "UserRole": null,
    "MarkedAsAnswerDate": null
  },
  {
    "Id": "70155",
    "ThreadId": "18279",
    "Html": "\r\nHey Wintermute, thanks for the comment!<br /><br />Well, I started off by wrapping the C# 7Z SDK (http://www.7-zip.org/sdk.html), because I agree it is not quite so obvious. But then I realized that I also needed the rest of the power of 7Z in all of the other formats it supports. So the way 7zSharp works is that if you are using LZMA compression or decompression, then it is all done in the .NET runtime; otherwise, it launches the 7za.exe.<br /><br />Of course, I'd like to convert 7z to managed code or call out to a COM dll. I like your idea of a COM DLL because there are very few context switches over the COM calls, and not much to marshall. From what I understand, 7Z is a pseudo-COM dll and is used by commercial products such as WinRAR as a COM DLL. When I first started the project, I investigated this, but I did not have much time, and could not figure out how to call the \"non-standard\" COM conventions.<br /><br />So, to answer your question, if you are only using 7Z (.7z) compression/decompression, you can simply do:<br /><br /><pre style=\"background-color:#ECECEC; border:dashed .1em #3E62A6; font-family:Consolas, Courier New, Courier, Monospace; font-size:1em; margin-top:0; padding:.5em; height:auto; overflow:auto; overflow-x:auto; overflow-y:auto;\">\r\nICompressionEngine engine = SevenZSharp.CompressionEngineFactory.Default.GetCompressionEngine(CompressionType.LZMA);\r\n</pre><br />This will actually return a SevenZSharp.Lzma.LzmaCompressionEngine instead of a SevenZSharp.ShellEngine. The ShellEngine is the one which spawns 7za. The LzmaCompressionEngine is completely .NET, although the LzmaEncoder class does not yet support (De)EncodeFromDirectory, only (De)EncodeSingleFile.<br /><br />Anyway, that was a complicated answer, but basically: I agree with you, but I do not have much time right now to make this project more powerful :). Once I have time though, I will implement exactly what you are looking for, because I am interested in the same thing. It hurts to spawn a process each time.<br /><br />Any help is appreciated,<br /><br />Thanks,<br />Kevin<br />",
    "PostedDate": "2008-01-26T14:32:15.643-08:00",
    "UserRole": "Owner",
    "MarkedAsAnswerDate": null
  },
  {
    "Id": "70191",
    "ThreadId": "18279",
    "Html": "\r\nWow!<br />I am deeply impressed by your quick response :)<br /><br />Ok, here is my 1st little contribution: I found a very small bug, so sorry ;)<br /><br />If 7z is not on the target machine under program files, your first post suggests to set shellEngine.Seven7Location = @\"\\7-zip\\7za.exe\"; to point to the deviating location of the exe, but the GetShellProcess() Method in ShellEngine.cs ignores this and it doesn't use the assigned private field m_7zLocation so setting the location of the 7z.exe isn't working as expected.<br /><br />Just change ShellEngine.cs line 50 from<br />process.FileName = @\"C:\\Program Files\\7-Zip\\7z.exe\";<br />to<br />process.FileName = m_7zLocation;<br />and everything works fine with the exe in another location.<br /><br />Tested on XP Pro 32 Bit and Vista Business 32 Bit<br /><br />Another thing to consider might be using Environment.GetFolderPath(Environment.SpecialFolder.ProgramFiles) instead of \"C:\\Program Files\\\" as default, because names vary depending on language of operating system. My German XP uses \"C:\\Programme\\\" as default while Vista is more english and sticks to \"program files\" in all languages, however.<br />Don't get me wrong, I do not want to criticize, just help; I like your software much, already.<br /><br />btw: why is it called Seven7Location and not SevenZLocation?  - ok, I'm getting nosy, nevermind, drank to muche coke ;)<br />Funny coincidence: we carry the same first name<br /><br /><br />Have a nice weeekend,<br /><br />Kevin<br />",
    "PostedDate": "2008-01-26T22:45:57.913-08:00",
    "UserRole": null,
    "MarkedAsAnswerDate": null
  },
  {
    "Id": "70506",
    "ThreadId": "18279",
    "Html": "\r\nHow I encode and split to volumes? <br /><br />-oops, don't reply here, I create new discussion<br />",
    "PostedDate": "2008-01-28T21:41:51.837-08:00",
    "UserRole": null,
    "MarkedAsAnswerDate": null
  },
  {
    "Id": "70768",
    "ThreadId": "18279",
    "Html": "\r\nThis discussion has been copied to a work item. Click here to <a href=\"http://www.codeplex.com/7zsharp/WorkItem/View.aspx?WorkItemId=1008\">go to the work item and continue the discussion</a>.<br />",
    "PostedDate": "2008-01-30T01:28:41.173-08:00",
    "UserRole": "Owner",
    "MarkedAsAnswerDate": null
  },
  {
    "Id": "70795",
    "ThreadId": "18279",
    "Html": "\r\nHi, I have created a new release (1.0.2) which addresses the 3 coding errors you brought up. Thanks for finding those! Don't worry about \"criticizing,\" it is good feedback.<br /><br />I have refactored a lot of the structure, with two things worth noting:<br /><br /><ol><li>Removed ICompressionEngineFactory and moved everything into the CompressionEngine class, so the code now becomes:</li></ol><br /><pre style=\"background-color:#ECECEC; border:dashed .1em #3E62A6; font-family:Consolas, Courier New, Courier, Monospace; font-size:1em; margin-top:0; padding:.5em; height:auto; overflow:auto; overflow-x:auto; overflow-y:auto;\">\r\n// encode:\r\nCompressionEngine.Current.Encoder.EncodeFromDirectory(@\"C:\\someDirectory\", \"C:\\out\\someDirectory.7z\");\r\n \r\n// decode:\r\nCompressionEngine.Current.Decoder.DecodeIntoDirectory(@\"C:\\out\\someDirectory.zip\", \"C:\\someDirectory\"); \r\n</pre><br />The default compression engine is a \"delegation\" compression engine which will pass calls on depending on the types of files to be compressed. Right now it passes to ShellEngine, but may pass onto the LZMA compression engine, or others. The purpose of this change is so that the user of the library doesn't have to worry about instantiating the right engine depending on the file type.<br /><br /><ol><li>No longer need to cast the engine as a ShellEngine to change the path to 7z, just do:</li></ol><br />CompressionEngine.SetOptions(\"Some other location\");<br /><br />Thanks!<br />Kevin<br />",
    "PostedDate": "2008-01-30T05:19:51.607-08:00",
    "UserRole": "Owner",
    "MarkedAsAnswerDate": null
  }
]