[
  {
    "Id": "74342",
    "ThreadId": "22305",
    "Html": "\r\nHi there  - great project. I see you're interested in working with the native COM APIs in 7z - check out this guy's stuff, read the whole page as he has progress documented in a kind of inverse-blog way. It appears he worked a bit with the 7z author to standardise the com interfaces... <br /><br /><a href=\"http://innerlimit.googlepages.com/sevenzipinterface\" class=\"externalLink\">http://innerlimit.googlepages.com/sevenzipinterface<span class=\"externalLinkIcon\" style=\"font-family:Consolas, Courier New, Courier, Monospace;\"></span></a><br /><br />don't forget to add progress delegates if you fancy taking this on!<br /><br />",
    "PostedDate": "2008-02-16T11:46:41.19-08:00",
    "UserRole": null,
    "MarkedAsAnswerDate": null
  }
]