[
  {
    "Id": "72154",
    "ThreadId": "21653",
    "Html": "\r\nok i'm having some problems...i have added the 7zsharp.dll to my project and when i use the code CompressionEngine.Current.Encoder.EncodeFromDirectory(@\"C:\\test\",@\"C:\\test.zip\"); i get this exception:<br /><br />Exception System.ComponentModel.Win32Exception was thrown in debuggee:<br />The system cannot find the path specified<br /><br />StartWithCreateProcess()<br />Start()<br />Start()<br />Start()<br />StartAndWaitForExit()<br /><br /><br />what i'm i doing wrong?or what am i missing in my project...pls hlp....<br />",
    "PostedDate": "2008-02-06T10:14:42.873-08:00",
    "UserRole": null,
    "MarkedAsAnswerDate": null
  },
  {
    "Id": "107894",
    "ThreadId": "21653",
    "Html": "Make sure you have 7z installed and is in the default path, normally c:\\program files\\7-zip\r\n",
    "PostedDate": "2008-07-30T00:34:29.603-07:00",
    "UserRole": null,
    "MarkedAsAnswerDate": null
  },
  {
    "Id": "132242",
    "ThreadId": "21653",
    "Html": "I think this really should be mentioned on the home page.\r\n",
    "PostedDate": "2008-11-13T02:08:33.17-08:00",
    "UserRole": null,
    "MarkedAsAnswerDate": null
  },
  {
    "Id": "427630",
    "ThreadId": "21653",
    "Html": "<blockquote style=\"border:solid .1em #ccc;font-style:italic;margin:.25em 1em 0 1em;padding:0 .25em 0 .25em\"><strong>sedi wrote:</strong><br>Make sure you have 7z installed and is in the default path, normally c:\\program files\\7-zip</blockquote>\r\n<p>Unless it's on a 64 bit box, then you have to have the 32 bit version installed in c:\\program files (x86).</p>\r\n<p>&nbsp;</p>\r\n<p>I second the comment about this needing to be mentioned on the home page.</p>",
    "PostedDate": "2010-04-05T16:21:41.56-07:00",
    "UserRole": null,
    "MarkedAsAnswerDate": null
  },
  {
    "Id": "860745",
    "ThreadId": "21653",
    "Html": "<p>Is it possible to specify an extension?&nbsp;</p>\r\n<p>CompressionEngine.Current.Encoder.EncodeFromDirectory(@\"C:\\test\\*.csv\",@\"C:\\test.zip\");</p>",
    "PostedDate": "2012-07-12T03:13:45.393-07:00",
    "UserRole": null,
    "MarkedAsAnswerDate": null
  },
  {
    "Id": "860746",
    "ThreadId": "21653",
    "Html": "<p>Is it possible to specify an extension?&nbsp;</p>\r\n<p>CompressionEngine.Current.Encoder.EncodeFromDirectory(@\"C:\\test\\*.csv\",@\"C:\\test.zip\");</p>",
    "PostedDate": "2012-07-12T03:13:49.987-07:00",
    "UserRole": null,
    "MarkedAsAnswerDate": null
  },
  {
    "Id": "861438",
    "ThreadId": "21653",
    "Html": "Sorry but I no longer work on this project (running Linux now).<br>\r\n<br>\r\n<div>On Thu, Jul 12, 2012 at 3:13 AM, adammendoza <span dir=\"ltr\">&lt;<a href=\"mailto:notifications@codeplex.com\" target=\"_blank\">notifications@codeplex.com</a>&gt;</span> wrote:<br>\r\n<blockquote style=\"margin:0 0 0 .8ex; border-left:1px #ccc solid; padding-left:1ex\">\r\n<div>\r\n<div>\r\n<div>\r\n<p>From: adammendoza</p>\r\n<div>\r\n<p>Is it possible to specify an extension? </p>\r\n<p>CompressionEngine.Current.Encoder.EncodeFromDirectory(@&quot;C:\\test\\*.csv&quot;,@&quot;C:\\test.zip&quot;);</p>\r\n</div>\r\n<div>\r\n<p>Read the <a href=\"http://7zsharp.codeplex.com/discussions/21653#post860746\" target=\"_blank\">\r\nfull discussion online</a>.</p>\r\n<p>To add a post to this discussion, reply to this email (<a href=\"mailto:7zsharp@discussions.codeplex.com?subject=[7zsharp:21653]\" target=\"_blank\">7zsharp@discussions.codeplex.com</a>)</p>\r\n<p>To start a new discussion for this project, email <a href=\"mailto:7zsharp@discussions.codeplex.com\" target=\"_blank\">\r\n7zsharp@discussions.codeplex.com</a></p>\r\n<p>You are receiving this email because you subscribed to this discussion on CodePlex. You can\r\n<a href=\"https://7zsharp.codeplex.com/subscriptions/thread/project/edit\" target=\"_blank\">\r\nunsubscribe or change your settings</a> on codePlex.com.</p>\r\n<p>Please note: Images and attachments will be removed from emails. Any posts to this discussion will also be available online at\r\n<a href=\"http://codeplex.com\" target=\"_blank\">codeplex.com</a></p>\r\n</div>\r\n</div>\r\n</div>\r\n</div>\r\n</blockquote>\r\n</div>\r\n<br>\r\n",
    "PostedDate": "2012-07-12T08:33:14.41-07:00",
    "UserRole": "Owner",
    "MarkedAsAnswerDate": null
  }
]