[
  {
    "Id": "71069",
    "ThreadId": "21326",
    "Html": "\r\nBefore I start, I first wanted to say thank you... I've been looking for a 7zip .Net interface and had finally decided I'd have to create one myself (like you providing a thin wrapper on 7za.exe). That is until I saw your project.  THANK YOU! I'm looking forward to using this (and where possible, helping... :)<br /><br />Okay, now the discussion topic...<br /><br />I just downloaded the lastest source, <a href=\"http://www.codeplex.com/7zsharp/SourceControl/DownloadSourceCode.aspx?changeSetId=6443\" class=\"externalLink\">6443<span class=\"externalLinkIcon\" style=\"font-family:Consolas, Courier New, Courier, Monospace;\"></span></a> and it seems there are some files missing? <br /><br />Looks like there are a number of subfolders/files in the \\7zsharp-6443\\7zSharp\\SevenZip\\ folder that are not in the source?<br /><br />The 7zSharp.csproj thinks there should be below files in the 7zSharp\\SevenZip\\ tree, but only one of them exists (the last one). The folders/files are also not in the <a href=\"http://www.codeplex.com/7zsharp/SourceControl/DirectoryView.aspx?SourcePath=%24%2f7zsharp%2f7zSharp%2fSevenZip&amp;changeSetId=6443\" class=\"externalLink\">online source version<span class=\"externalLinkIcon\" style=\"font-family:Consolas, Courier New, Courier, Monospace;\"></span></a> either (so it's not the zip).<br /><br />(The end result is that the source doesn't compile for me because VS is whining about missing files...)<br /><br />    &lt;Compile Include=\"SevenZip\\CommandLine\\ArchiveTypes.cs\" /&gt;<br />    &lt;Compile Include=\"SevenZip\\Common\\CommandLineParser.cs\" /&gt;<br />    &lt;Compile Include=\"SevenZip\\Common\\CRC.cs\" /&gt;<br />    &lt;Compile Include=\"SevenZip\\Common\\InBuffer.cs\" /&gt;<br />    &lt;Compile Include=\"SevenZip\\Common\\OutBuffer.cs\" /&gt;<br />    &lt;Compile Include=\"SevenZip\\Compress\\LzmaAlone\\LzmaAlone.cs\" /&gt;<br />    &lt;Compile Include=\"SevenZip\\Compress\\LzmaAlone\\LzmaBench.cs\" /&gt;<br />    &lt;Compile Include=\"SevenZip\\Compress\\LZMA\\LzmaBase.cs\" /&gt;<br />    &lt;Compile Include=\"SevenZip\\Compress\\LZMA\\LzmaDecoder.cs\" /&gt;<br />    &lt;Compile Include=\"SevenZip\\Compress\\LZMA\\LzmaEncoder.cs\" /&gt;<br />    &lt;Compile Include=\"SevenZip\\Compress\\LZ\\IMatchFinder.cs\" /&gt;<br />    &lt;Compile Include=\"SevenZip\\Compress\\LZ\\LzBinTree.cs\" /&gt;<br />    &lt;Compile Include=\"SevenZip\\Compress\\LZ\\LzInWindow.cs\" /&gt;<br />    &lt;Compile Include=\"SevenZip\\Compress\\LZ\\LzOutWindow.cs\" /&gt;<br />    &lt;Compile Include=\"SevenZip\\Compress\\RangeCoder\\RangeCoder.cs\" /&gt;<br />    &lt;Compile Include=\"SevenZip\\Compress\\RangeCoder\\RangeCoderBit.cs\" /&gt;<br />    &lt;Compile Include=\"SevenZip\\Compress\\RangeCoder\\RangeCoderBitTree.cs\" /&gt;<br />    &lt;Compile Include=\"SevenZip\\ICoder.cs\" /&gt;<br /><br />The files DO appear (though in different locations) in the Nov 25 source zip's....<br /><br />So am I doing something stupid/wrong?<br /><br />Thanks,<br />Greg<br />",
    "PostedDate": "2008-01-31T08:37:20.347-08:00",
    "UserRole": null,
    "MarkedAsAnswerDate": null
  }
]