[
  {
    "Id": "70507",
    "ThreadId": "21188",
    "Html": "\r\nHow I encode and split to volumes?<br />",
    "PostedDate": "2008-01-28T21:43:39.067-08:00",
    "UserRole": null,
    "MarkedAsAnswerDate": null
  },
  {
    "Id": "70663",
    "ThreadId": "21188",
    "Html": "\r\nI am afraid at the moment this is not possible, yet.<br />Correct me, if I am wrong.<br />",
    "PostedDate": "2008-01-29T12:11:44.683-08:00",
    "UserRole": null,
    "MarkedAsAnswerDate": null
  },
  {
    "Id": "70765",
    "ThreadId": "21188",
    "Html": "\r\nThat's correct, it's not supported yet, but it should be easy to build the API for this. What are the features of volumes that you need?<br />",
    "PostedDate": "2008-01-30T01:23:35.353-08:00",
    "UserRole": "Owner",
    "MarkedAsAnswerDate": null
  },
  {
    "Id": "86837",
    "ThreadId": "21188",
    "Html": "\r\n&gt;What are the features of volumes that you need?<br /><br />Size<br />",
    "PostedDate": "2008-04-15T02:20:27.1-07:00",
    "UserRole": null,
    "MarkedAsAnswerDate": null
  }
]