[
  {
    "Id": "212941",
    "ThreadId": "62734",
    "Html": "<p><span style=\"font-size:xx-small\">When i use ths code</span></p>\r\n<p><span style=\"font-size:xx-small\">SevenZSharp.CompressionEngine.Current.Encoder.EncodeSingleFile(sb.ToString(), sb.ToString().Replace(&quot;.pdf&quot;, &quot;.7z&quot;));</span></p>\r\n<p><span style=\"font-size:xx-small\">the file lost the extension.</span></p>\r\n<p><span style=\"font-size:xx-small\">sb = StrihgBuilder(c:\\\\myfile.pdf&quot;);</span></p>\r\n<p><span style=\"font-size:xx-small\">Why this ?</span></p>",
    "PostedDate": "2009-07-17T02:36:26.483-07:00",
    "UserRole": null,
    "MarkedAsAnswerDate": null
  },
  {
    "Id": "214153",
    "ThreadId": "62734",
    "Html": "<p>I have resolved. Thanks</p>",
    "PostedDate": "2009-07-20T23:32:58.04-07:00",
    "UserRole": null,
    "MarkedAsAnswerDate": null
  }
]