[
  {
    "Id": "18279",
    "Title": "Using 7zSharp which spawns processes",
    "LatestDate": "2008-01-30T05:19:51.607-08:00"
  },
  {
    "Id": "21188",
    "Title": "Encode and split to volumes",
    "LatestDate": "2008-04-15T02:20:27.1-07:00"
  },
  {
    "Id": "21326",
    "Title": "7z Source missing folders & files? (ChangeSet 7zsharp-6443)",
    "LatestDate": "2008-01-31T08:37:20.347-08:00"
  },
  {
    "Id": "21653",
    "Title": "How to use?",
    "LatestDate": "2012-07-12T08:33:14.41-07:00"
  },
  {
    "Id": "22305",
    "Title": "7z COM p/invoke help",
    "LatestDate": "2008-02-16T11:46:41.19-08:00"
  },
  {
    "Id": "28777",
    "Title": "Support Encryption?",
    "LatestDate": "2008-05-31T05:16:48.463-07:00"
  },
  {
    "Id": "34886",
    "Title": "Can it list files in a ZIP archive?",
    "LatestDate": "2008-09-03T21:52:54.407-07:00"
  },
  {
    "Id": "46650",
    "Title": "Compression Level for 7Z format",
    "LatestDate": "2009-02-21T16:39:10.533-08:00"
  },
  {
    "Id": "62734",
    "Title": "lost extension",
    "LatestDate": "2009-07-20T23:32:58.04-07:00"
  }
]