{
  "WorkItem": {
    "AffectedComponent": {
      "Name": "",
      "DisplayName": ""
    },
    "ClosedComment": "",
    "ClosedDate": null,
    "CommentCount": 0,
    "Custom": null,
    "Description": "I've downloaded version 1.0.3 and there are files missing from the project:\n \n7zSharp.snk\nLGPL.txt\nlzma.txt\nReadme.txt\n \nAlso, it might be time to upgrade it to VS2008.",
    "LastUpdatedDate": "2013-02-13T18:52:40.777-08:00",
    "PlannedForRelease": "",
    "ReleaseVisibleToPublic": false,
    "Priority": {
      "Name": "Low",
      "Severity": 50,
      "Id": 1
    },
    "ProjectName": "7zsharp",
    "ReportedDate": "2009-02-18T01:38:57.45-08:00",
    "Status": {
      "Name": "Proposed",
      "Id": 1
    },
    "ReasonClosed": {
      "Name": "Unassigned"
    },
    "Summary": "Missing files from project",
    "Type": {
      "Name": "Issue",
      "Id": 3
    },
    "VoteCount": 1,
    "Id": 3822
  },
  "FileAttachments": [],
  "Comments": []
}