[
  {
    "Id": 1008,
    "Title": "Using 7zSharp which spawns processes"
  },
  {
    "Id": 1079,
    "Title": "WARC Support"
  },
  {
    "Id": 3822,
    "Title": "Missing files from project"
  },
  {
    "Id": 3852,
    "Title": "EncodeSingleFile Creates Corrupted Archives"
  },
  {
    "Id": 7785,
    "Title": "Add a comment that this library requires 7zip to be installed to the front page."
  },
  {
    "Id": 12467,
    "Title": "[Win8 x64 7-zip x64 x86 project] Cannot find specified file when extracting 7z archive"
  }
]