{
  "WorkItem": {
    "AffectedComponent": {
      "Name": "",
      "DisplayName": ""
    },
    "ClosedComment": "",
    "ClosedDate": null,
    "CommentCount": 0,
    "Custom": null,
    "Description": "The following code snippet successfully produces an archive:\n \n \n \n        Dim d As New Dictionary(Of SevenZSharp.CompressionFormat, SevenZSharp.ICompressionEngine)\n        d.Add(CompressionFormat.SevenZ, New SevenZSharp.Engines.DelegationEngine)\n \n        Dim x As New SevenZSharp.Encoders.DelegationEncoder(d)\n        ' This would work normally: x.EncodeFromDirectory(\"C:\\Documents and Settings\\Luke\\Desktop\\Old Desktop Crap\", \"C:\\Documents And Settings\\Luke\\Desktop\\test.7z\")\n        x.EncodeSingleFile(\"C:\\Documents And Settings\\Luke\\Desktop\\n582421010_9432.jpg\", \"C:\\Documents And Settings\\Luke\\Desktop\\test.7z\")\n \n \n \n \nHowever, instead of containing my jpeg (or whatever other file, I have tried with all sorts), the archive contains a file named test (same as the archive minus the file extension) and is about the size of what the compressed jpeg should be.\n \nThis happens with all three of the encoders, not just the DelegationEncoder. Interestingly enough, EncodeFromDirectory works perfectly fine.\n \nSee the attached archive. I've gotten a similar archive using the command line version of 7-Zip itself in the past when I was passing paths incorrectly as arguments; maybe my code is malformed, or the code in 7zSharp is passing things the way I did.",
    "LastUpdatedDate": "2013-02-13T18:52:40.63-08:00",
    "PlannedForRelease": "",
    "ReleaseVisibleToPublic": false,
    "Priority": {
      "Name": "Low",
      "Severity": 50,
      "Id": 1
    },
    "ProjectName": "7zsharp",
    "ReportedDate": "2009-02-24T18:45:09.98-08:00",
    "Status": {
      "Name": "Proposed",
      "Id": 1
    },
    "ReasonClosed": {
      "Name": "Unassigned"
    },
    "Summary": "EncodeSingleFile Creates Corrupted Archives",
    "Type": {
      "Name": "Issue",
      "Id": 3
    },
    "VoteCount": 1,
    "Id": 3852
  },
  "FileAttachments": [
    {
      "FileId": 1252,
      "FileName": "test.7z",
      "DownloadUrl": ".\\1252"
    }
  ],
  "Comments": [
    {
      "Message": "Worth mentioning, if you extract the extensionless \"test\" file from the archive and add a \".jpg\" extension, you will be able to view it. It's an old picture of me.",
      "PostedDate": "2009-02-25T17:51:48.39-08:00",
      "Id": -2147483648
    },
    {
      "Message": "",
      "PostedDate": "2013-02-13T18:52:40.63-08:00",
      "Id": -2147483648
    }
  ]
}