{
  "WorkItem": {
    "AffectedComponent": {
      "Name": "",
      "DisplayName": ""
    },
    "ClosedComment": "",
    "ClosedDate": null,
    "CommentCount": 0,
    "Custom": null,
    "Description": "I tried to use this on an environment where 7zip was not installed (the main reason I was using this was because it seemed to be a stand-alone wrapper).  no mention is made anywhere that you need to have 7zip installed on the system.  This is something that really needs to be made available to people.\n \nI spent several hours trying to debug an issue because this was not made obvious.",
    "LastUpdatedDate": "2013-02-13T18:52:40.457-08:00",
    "PlannedForRelease": "",
    "ReleaseVisibleToPublic": false,
    "Priority": {
      "Name": "Low",
      "Severity": 50,
      "Id": 1
    },
    "ProjectName": "7zsharp",
    "ReportedDate": "2010-04-05T16:08:30.417-07:00",
    "Status": {
      "Name": "Proposed",
      "Id": 1
    },
    "ReasonClosed": {
      "Name": "Unassigned"
    },
    "Summary": "Add a comment that this library requires 7zip to be installed to the front page.",
    "Type": {
      "Name": "Issue",
      "Id": 3
    },
    "VoteCount": 1,
    "Id": 7785
  },
  "FileAttachments": [],
  "Comments": [
    {
      "Message": "no, it does not need",
      "PostedDate": "2011-12-01T06:34:11.803-08:00",
      "Id": -2147483648
    },
    {
      "Message": "",
      "PostedDate": "2013-02-13T18:52:40.457-08:00",
      "Id": -2147483648
    }
  ]
}