{
  "WorkItem": {
    "AffectedComponent": {
      "Name": "",
      "DisplayName": ""
    },
    "ClosedComment": "",
    "ClosedDate": null,
    "CommentCount": 0,
    "Custom": null,
    "Description": "Hi. There is a problem with finding 7z.exe in 32 bit application running on 64 bir environment (Windows 8 x64 with installed.\nI've created 32 bit application (Solution Platform: x86) and have 7z.exe in c:\\Program Files\\7-Zip\\7z.exe. \nWhen I try to extract archive I get Cannot find specified file exception:\n \nStackTrace:\n   w System.Diagnostics.Process.StartWithCreateProcess(ProcessStartInfo startInfo)\n   w System.Diagnostics.Process.Start()\n   w PublicDomain.Copy.ProcessHelper.Start(Boolean useRedirect)\n   w PublicDomain.Copy.ProcessHelper.Start()\n   w PublicDomain.Copy.ProcessHelper.StartAndWaitForExit(Int32 timeoutMs, Boolean throwOnError)\n   w PublicDomain.Copy.ProcessHelper.StartAndWaitForExit(Boolean throwOnError)\n   w SevenZSharp.Decoders.ShellDecoder.DecodeIntoDirectory(String inFile, String outDirectory)\n   w SevenZSharp.Decoders.DelegationDecoder.DecodeIntoDirectory(String inFile, String outDirectory)\n \nsimple workaround:\ncopy c:\\Program Files\\7-Zip to c:\\Program Files (x86)\\7-Zip",
    "LastUpdatedDate": "2013-02-13T18:52:39.977-08:00",
    "PlannedForRelease": "",
    "ReleaseVisibleToPublic": false,
    "Priority": {
      "Name": "Low",
      "Severity": 50,
      "Id": 1
    },
    "ProjectName": "7zsharp",
    "ReportedDate": "2012-09-05T21:48:28.67-07:00",
    "Status": {
      "Name": "Proposed",
      "Id": 1
    },
    "ReasonClosed": {
      "Name": "Unassigned"
    },
    "Summary": "[Win8 x64 7-zip x64 x86 project] Cannot find specified file when extracting 7z archive",
    "Type": {
      "Name": "Issue",
      "Id": 3
    },
    "VoteCount": 1,
    "Id": 12467
  },
  "FileAttachments": [],
  "Comments": []
}