{
  "WorkItem": {
    "AffectedComponent": {
      "Name": "",
      "DisplayName": ""
    },
    "ClosedComment": "* Fixed setting process location\n* Fixed Seven7Location name\n* Fixed default Program Files path to query Environment",
    "ClosedDate": "2008-01-30T05:13:18.31-08:00",
    "CommentCount": 0,
    "Custom": null,
    "Description": "If 7z is not on the target machine under program files, your first post suggests to set shellEngine.Seven7Location = @\"\\7-zip\\7za.exe\"; to point to the deviating location of the exe, but the GetShellProcess() Method in ShellEngine.cs ignores this and it doesn't use the assigned private field m_7zLocation so setting the location of the 7z.exe isn't working as expected.\n \nJust change ShellEngine.cs line 50 from\nprocess.FileName = @\"C:\\Program Files\\7-Zip\\7z.exe\";\nto\nprocess.FileName = m_7zLocation;\nand everything works fine with the exe in another location.\n \nTested on XP Pro 32 Bit and Vista Business 32 Bit\n \nAnother thing to consider might be using Environment.GetFolderPath(Environment.SpecialFolder.ProgramFiles) instead of \"C:\\Program Files\\\" as default, because names vary depending on language of operating system. My German XP uses \"C:\\Programme\\\" as default while Vista is more english and sticks to \"program files\" in all languages, however.\n \nbtw: why is it called Seven7Location and not SevenZLocation?  - ok, I'm getting nosy, nevermind, drank to muche coke ;)",
    "LastUpdatedDate": "2013-05-16T00:22:10.52-07:00",
    "PlannedForRelease": "1.0.2",
    "ReleaseVisibleToPublic": true,
    "Priority": {
      "Name": "High",
      "Severity": 150,
      "Id": 3
    },
    "ProjectName": "7zsharp",
    "ReportedDate": "2008-01-30T01:28:37.34-08:00",
    "Status": {
      "Name": "Closed",
      "Id": 4
    },
    "ReasonClosed": {
      "Name": "Unassigned"
    },
    "Summary": "Using 7zSharp which spawns processes",
    "Type": {
      "Name": "Issue",
      "Id": 3
    },
    "VoteCount": 1,
    "Id": 1008
  },
  "FileAttachments": [],
  "Comments": []
}