[
  {
    "Id": "0",
    "Name": "1.0.2",
    "DevelopmentStatus": "None",
    "Description": "{project:description}",
    "ReleasedDatge": "0001-01-01T00:00:00",
    "ModifiedDate": "2008-01-30T05:11:20.523-08:00",
    "Files": [
      {
        "Id": "74fbda79-713c-4464-b8a2-137b4c607da8",
        "FileName": "7zSharpSetup.msi",
        "Url": "./0/74fbda79-713c-4464-b8a2-137b4c607da8",
        "Type": "Application",
        "UploadDate": "2008-01-30T05:11:20.54-08:00"
      }
    ]
  },
  {
    "Id": "1",
    "Name": "1.0.1",
    "DevelopmentStatus": "None",
    "Description": "{project:description}",
    "ReleasedDatge": "0001-01-01T00:00:00",
    "ModifiedDate": "2007-11-25T07:42:47.977-08:00",
    "Files": [
      {
        "Id": "fdd506f6-36d5-49a1-a149-ce01db848444",
        "FileName": "Documentation.chm",
        "Url": "./1/fdd506f6-36d5-49a1-a149-ce01db848444",
        "Type": "Documentation",
        "UploadDate": "2007-11-25T07:03:47.943-08:00"
      },
      {
        "Id": "ccc0795a-acc3-42cc-abb1-72f9bf0369b1",
        "FileName": "7zSharpSetup.msi",
        "Url": "./1/ccc0795a-acc3-42cc-abb1-72f9bf0369b1",
        "Type": "Application",
        "UploadDate": "2007-11-25T07:42:47.993-08:00"
      }
    ]
  },
  {
    "Id": "2",
    "Name": "1.0.0",
    "DevelopmentStatus": "None",
    "Description": "{project:description}",
    "ReleasedDatge": "0001-01-01T00:00:00",
    "ModifiedDate": "2007-11-23T12:57:55.54-08:00",
    "Files": [
      {
        "Id": "ba6d8b36-4971-47e5-a431-0aef130cd70a",
        "FileName": "7zSharp.dll",
        "Url": "./2/ba6d8b36-4971-47e5-a431-0aef130cd70a",
        "Type": "Application",
        "UploadDate": "2007-11-23T12:54:12.077-08:00"
      }
    ]
  },
  {
    "Id": "3",
    "Name": "1.0.3",
    "DevelopmentStatus": "None",
    "Description": "{project:description}",
    "ReleasedDatge": "0001-01-01T00:00:00",
    "ModifiedDate": "2008-01-30T05:46:55.843-08:00",
    "Files": [
      {
        "Id": "0e75b4b4-5a9b-4271-a963-0709b8ba7d3f",
        "FileName": "7zSharpSetup.msi",
        "Url": "./3/0e75b4b4-5a9b-4271-a963-0709b8ba7d3f",
        "Type": "Application",
        "UploadDate": "2008-01-30T05:46:55.843-08:00"
      }
    ]
  }
]